,alpha,beta,gamma,tau,theta,C_D,e_f_c,e_f_b,num_B_T,num_C_T,scf_cc,scf_bc,scf_bs,scf_cs
0,6,0.2,8,0.2,45,700,1.5,1.5,2,2,0.442834783,0.041577651,0.34892538,0.807205266
1,14,0.2,8,0.2,45,700,1.5,1.5,2,2,0.535769051,0.043379707,0.400937141,0.86872
2,22,0.2,8,0.2,45,700,1.5,1.5,2,2,0.606204531,0.04392938,0.425990358,0.870370275
3,30,0.2,8,0.2,45,700,1.5,1.5,2,2,0.689062802,0.043893507,0.46232937,0.865112973
4,38,0.2,8,0.2,45,700,1.5,1.5,2,2,0.747677895,0.045366751,0.470730051,0.874836628
5,6,0.3,8,0.2,45,700,1.5,1.5,2,2,0.499747905,0.109280759,0.281206836,0.783257303
6,14,0.3,8,0.2,45,700,1.5,1.5,2,2,0.619721843,0.117024829,0.393755344,0.859155496
7,22,0.3,8,0.2,45,700,1.5,1.5,2,2,0.725619115,0.117594373,0.452769587,0.866572195
8,30,0.3,8,0.2,45,700,1.5,1.5,2,2,0.832418273,0.120239553,0.513380589,0.880879793
10,6,0.4,8,0.2,45,700,1.5,1.5,2,2,0.556603155,0.2125443,0.179764273,0.761719445
11,14,0.4,8,0.2,45,700,1.5,1.5,2,2,0.709498971,0.221463315,0.343309297,0.856786643
12,22,0.4,8,0.2,45,700,1.5,1.5,2,2,0.852373241,0.223154292,0.440775883,0.872518845
13,30,0.4,8,0.2,45,700,1.5,1.5,2,2,0.99567512,0.219982827,0.538873735,0.885175807
14,38,0.4,8,0.2,45,700,1.5,1.5,2,2,1.13868629,0.227308338,0.631827476,0.90011933
15,6,0.5,8,0.2,45,700,1.5,1.5,2,2,0.580089659,0.360563962,0.082701645,0.665578726
16,14,0.5,8,0.2,45,700,1.5,1.5,2,2,0.758741457,0.358666625,0.306715593,0.775576966
17,22,0.5,8,0.2,45,700,1.5,1.5,2,2,0.935431908,0.358928509,0.440549168,0.800715287
18,30,0.5,8,0.2,45,700,1.5,1.5,2,2,1.114315766,0.352800105,0.583179243,0.825937837
19,38,0.5,8,0.2,45,700,1.5,1.5,2,2,1.289443744,0.374711513,0.745059558,0.853287768
20,6,0.6,8,0.2,45,700,1.5,1.5,2,2,0.486688851,0.542531951,0.017879793,0.564094755
21,14,0.6,8,0.2,45,700,1.5,1.5,2,2,0.697252372,0.547478868,0.27899461,0.675502994
22,22,0.6,8,0.2,45,700,1.5,1.5,2,2,0.903493583,0.554263563,0.453599044,0.713748907
23,30,0.6,8,0.2,45,700,1.5,1.5,2,2,1.108574765,0.55218655,0.627080541,0.750870082
24,38,0.6,8,0.2,45,700,1.5,1.5,2,2,0.317398752,0.619684327,1.731361472,1.478824683
25,6,0.7,8,0.2,45,700,1.5,1.5,2,2,0.418609268,0.799284179,0.001332519,0.702105067
26,14,0.7,8,0.2,45,700,1.5,1.5,2,2,0.714101927,0.739596836,0.308837616,0.813211879
27,22,0.7,8,0.2,45,700,1.5,1.5,2,2,0.000995753,0.001067722,0.000735159,0.002360011
28,30,0.7,8,0.2,45,700,1.5,1.5,2,2,1.267148946,1.034504779,0.828051883,1.385948731
29,38,0.7,8,0.2,45,700,1.5,1.5,2,2,1.267148946,1.034504779,0.828051883,1.385948731
30,6,0.2,14,0.2,45,700,1.5,1.5,2,2,0.620378096,0.062043967,0.531843669,1.09400779
31,14,0.2,14,0.2,45,700,1.5,1.5,2,2,0.733517583,0.067093505,0.686324878,1.253795057
32,22,0.2,14,0.2,45,700,1.5,1.5,2,2,0.812291441,0.066728517,0.72681302,1.288743026
33,30,0.2,14,0.2,45,700,1.5,1.5,2,2,0.863399192,0.06535804,0.773679986,1.259267852
34,38,0.2,14,0.2,45,700,1.5,1.5,2,2,0.928921833,0.065767277,0.815517569,1.262016474
35,6,0.3,14,0.2,45,700,1.5,1.5,2,2,0.707577192,0.148220075,0.379895921,1.045542394
36,14,0.3,14,0.2,45,700,1.5,1.5,2,2,0.80508289,0.155676869,0.637821621,1.259214581
37,22,0.3,14,0.2,45,700,1.5,1.5,2,2,0.955671286,0.133076459,0.726892245,1.285650658
38,30,0.3,14,0.2,45,700,1.5,1.5,2,2,0.999472659,0.154038745,0.810802633,1.280251999
39,38,0.3,14,0.2,45,700,1.5,1.5,2,2,1.152215344,0.154686586,0.868638138,1.29914883
40,6,0.4,14,0.2,45,700,1.5,1.5,2,2,0.738412187,0.282841681,0.211666067,0.953471094
42,22,0.4,14,0.2,45,700,1.5,1.5,2,2,1.031714235,0.279405743,0.659352881,1.283613831
43,30,0.4,14,0.2,45,700,1.5,1.5,2,2,0.895540345,0.331453741,1.043449149,2.120960996
44,38,0.4,14,0.2,45,700,1.5,1.5,2,2,1.025694023,0.316911478,0.935818742,1.437796776
45,6,0.5,14,0.2,45,700,1.5,1.5,2,2,0.214161327,0.482799811,1.799252001,0.604885383
46,14,0.5,14,0.2,45,700,1.5,1.5,2,2,0.928608176,0.452775315,0.450324588,1.166104312
47,22,0.5,14,0.2,45,700,1.5,1.5,2,2,1.086629717,0.478500841,0.615771525,1.192587618
48,30,0.5,14,0.2,45,700,1.5,1.5,2,2,1.247206946,0.441384017,0.767875641,1.218612943
51,14,0.6,14,0.2,45,700,1.5,1.5,2,2,0.851244653,0.632603185,0.391450022,1.022296939
52,22,0.6,14,0.2,45,700,1.5,1.5,2,2,0.315151646,0.751600313,2.71735265,1.209852532
53,30,0.6,14,0.2,45,700,1.5,1.5,2,2,0.315151646,0.751600313,2.71735265,1.209852532
54,38,0.6,14,0.2,45,700,1.5,1.5,2,2,0.315151646,0.751600313,2.71735265,1.209852532
55,6,0.7,14,0.2,45,700,1.5,1.5,2,2,0.580232567,0.854492228,0.006837452,0.598961753
56,14,0.7,14,0.2,45,700,1.5,1.5,2,2,0.805272912,0.884225913,0.344949005,0.819034929
57,22,0.7,14,0.2,45,700,1.5,1.5,2,2,1.021213954,0.843191316,0.560831044,0.871134239
58,30,0.7,14,0.2,45,700,1.5,1.5,2,2,1.240119716,0.828971113,0.768791086,0.914409679
59,38,0.7,14,0.2,45,700,1.5,1.5,2,2,1.470082362,0.793474608,0.96022031,0.981579725
60,6,0.2,20,0.2,45,700,1.5,1.5,2,2,0.786922422,0.075816611,0.692860036,1.33664974
61,14,0.2,20,0.2,45,700,1.5,1.5,2,2,0.691111868,0.067056288,0.302315928,0.866676704
62,22,0.2,20,0.2,45,700,1.5,1.5,2,2,0.995015323,0.083211772,1.000783696,1.61949478
63,30,0.2,20,0.2,45,700,1.5,1.5,2,2,1.123384204,0.081328119,1.103001686,1.623496676
64,38,0.2,20,0.2,45,700,1.5,1.5,2,2,1.123384204,0.081328119,1.103001686,1.623496676
65,6,0.3,20,0.2,45,700,1.5,1.5,2,2,0.845623634,0.172632689,0.455242317,1.26516122
66,14,0.3,20,0.2,45,700,1.5,1.5,2,2,1.0213103,0.181593142,0.82641309,1.67366748
67,22,0.3,20,0.2,45,700,1.5,1.5,2,2,1.10952093,0.181558368,0.922514261,1.702026817
68,30,0.3,20,0.2,45,700,1.5,1.5,2,2,1.205301812,0.182267992,1.016614754,1.709739585
69,38,0.3,20,0.2,45,700,1.5,1.5,2,2,0.908383456,0.157031835,0.323325248,0.92693297
70,6,0.4,20,0.2,45,700,1.5,1.5,2,2,0.881281804,0.329595486,0.088763459,1.124304754
71,14,0.4,20,0.2,45,700,1.5,1.5,2,2,1.045800286,0.327418902,0.418661691,1.699521581
72,22,0.4,20,0.2,45,700,1.5,1.5,2,2,1.15963719,0.326494664,0.533912355,1.741514328
73,30,0.4,20,0.2,45,700,1.5,1.5,2,2,1.285475633,0.324588044,0.648244652,1.760835744
74,38,0.4,20,0.2,45,700,1.5,1.5,2,2,1.409369584,0.323272915,0.764562781,1.773113376
75,6,0.5,20,0.2,45,700,1.5,1.5,2,2,0.871928175,0.525127388,0.110291369,0.950706697
76,14,0.5,20,0.2,45,700,1.5,1.5,2,2,1.034030872,0.491681897,0.626450105,1.583697719
77,22,0.5,20,0.2,45,700,1.5,1.5,2,2,1.174469006,0.500756135,0.800346346,1.636019113
78,30,0.5,20,0.2,45,700,1.5,1.5,2,2,1.329839261,0.495931145,0.976815062,1.660292597
79,38,0.5,20,0.2,45,700,1.5,1.5,2,2,1.483243485,0.486837359,1.133450579,1.682723569
80,6,0.6,20,0.2,45,700,1.5,1.5,2,2,0.75628398,0.751619434,0.062826127,0.748325468
81,14,0.6,20,0.2,45,700,1.5,1.5,2,2,0.962724573,0.719837811,0.557566738,1.284460532
82,22,0.6,20,0.2,45,700,1.5,1.5,2,2,1.128994178,0.79007846,0.773088365,1.349827434
83,30,0.6,20,0.2,45,700,1.5,1.5,2,2,1.692029966,0.680295572,0.965932451,1.387796554
84,38,0.6,20,0.2,45,700,1.5,1.5,2,2,1.87697066,0.67418822,1.175441888,1.421966236
85,6,0.7,20,0.2,45,700,1.5,1.5,2,2,1.340644927,0.901128395,0.060183361,0.693108931
86,14,0.7,20,0.2,45,700,1.5,1.5,2,2,1.367615021,0.919358559,0.439058307,1.024124597
87,22,0.7,20,0.2,45,700,1.5,1.5,2,2,1.526235233,0.846866671,0.668328929,1.126102955
88,30,0.7,20,0.2,45,700,1.5,1.5,2,2,1.746426691,0.843605401,0.874272143,1.17407276
89,38,0.7,20,0.2,45,700,1.5,1.5,2,2,1.967509627,0.836500395,1.077220855,1.219406905
90,6,0.2,26,0.2,45,700,1.5,1.5,2,2,1.51708974,0.067101404,0.839022334,1.588621058
91,14,0.2,26,0.2,45,700,1.5,1.5,2,2,1.624997613,0.088852717,1.217922862,1.950553782
92,22,0.2,26,0.2,45,700,1.5,1.5,2,2,1.671037704,0.083544231,1.235600886,1.998506954
93,30,0.2,26,0.2,45,700,1.5,1.5,2,2,1.702491146,0.093177325,1.306720139,1.999019613
94,38,0.2,26,0.2,45,700,1.5,1.5,2,2,1.771492931,0.516577616,1.425778397,2.002146927
95,6,0.3,26,0.2,45,700,1.5,1.5,2,2,1.493032173,0.177784723,0.510693539,1.47006024
96,14,0.3,26,0.2,45,700,1.5,1.5,2,2,1.519870032,0.1793444,1.024972684,2.064569653
97,22,0.3,26,0.2,45,700,1.5,1.5,2,2,1.563865465,0.192498813,1.120930187,2.116610346
98,30,0.3,26,0.2,45,700,1.5,1.5,2,2,1.656242194,0.179349463,1.232910874,2.124986176
99,38,0.3,26,0.2,45,700,1.5,1.5,2,2,1.751346744,0.17933412,1.331003288,2.131060458
100,6,0.4,26,0.2,45,700,1.5,1.5,2,2,1.580784691,0.366062368,0.115490462,1.269782975
105,6,0.5,26,0.2,45,700,1.5,1.5,2,2,1.582594204,0.561436853,0.169743028,1.087900377
116,14,0.7,26,0.2,45,700,1.5,1.5,2,2,1.355143685,1.10151799,0.563139932,1.391666204
117,22,0.7,26,0.2,45,700,1.5,1.5,2,2,1.416040864,0.931135712,0.841241013,1.611017144
118,30,0.7,26,0.2,45,700,1.5,1.5,2,2,1.627824114,0.907514655,1.044576207,1.657749982
119,38,0.7,26,0.2,45,700,1.5,1.5,2,2,1.870684417,0.877843893,1.248484867,1.694015301
120,6,0.2,32,0.2,45,700,1.5,1.5,2,2,1.581133574,0.05242091,0.968515623,1.836631691
121,14,0.2,32,0.2,45,700,1.5,1.5,2,2,1.682303997,0.109846502,1.397898081,2.28419055
122,22,0.2,32,0.2,45,700,1.5,1.5,2,2,1.722032975,0.096742149,1.49982307,2.378445614
123,30,0.2,32,0.2,45,700,1.5,1.5,2,2,1.779106546,0.682926307,1.50312399,2.383170746
124,38,0.2,32,0.2,45,700,1.5,1.5,2,2,1.846514115,0.699734974,1.663886858,2.385836173
125,6,0.3,32,0.2,45,700,1.5,1.5,2,2,1.602123911,0.166861065,0.568641606,1.641219256
126,14,0.3,32,0.2,45,700,1.5,1.5,2,2,1.520395363,0.176228897,1.189595048,2.420840987
127,22,0.3,32,0.2,45,700,1.5,1.5,2,2,1.553134773,0.491202337,1.414436641,2.566314156
128,30,0.3,32,0.2,45,700,1.5,1.5,2,2,1.640651543,0.484594556,1.52505798,2.577410928
135,6,0.5,32,0.2,45,700,1.5,1.5,2,2,0.906735884,0.586197253,0.227031205,1.230243931
136,14,0.5,32,0.2,45,700,1.5,1.5,2,2,1.136311682,0.493576134,0.889546323,2.359742721
137,22,0.5,32,0.2,45,700,1.5,1.5,2,2,1.244078111,0.482236241,1.080880373,2.583823211
138,30,0.5,32,0.2,45,700,1.5,1.5,2,2,1.386090243,0.505736559,1.264831006,2.618085137
139,38,0.5,32,0.2,45,700,1.5,1.5,2,2,1.534641825,0.473663185,1.40932169,2.641554752
140,6,0.6,32,0.2,45,700,1.5,1.5,2,2,0.761408205,0.76828596,0.238790146,1.089008481
141,14,0.6,32,0.2,45,700,1.5,1.5,2,2,1.075328359,0.76215273,0.95771529,2.013056917
142,22,0.6,32,0.2,45,700,1.5,1.5,2,2,1.182281007,0.662502085,1.216863552,2.300852508
143,30,0.6,32,0.2,45,700,1.5,1.5,2,2,1.357373978,0.664095965,1.434700119,2.334270128
144,38,0.6,32,0.2,45,700,1.5,1.5,2,2,1.543955392,0.609659097,1.712660599,2.427058376
145,6,0.7,32,0.2,45,700,1.5,1.5,2,2,0.644861664,0.884714373,0.184439293,0.961498931
146,14,0.7,32,0.2,45,700,1.5,1.5,2,2,1.140255941,1.163148428,0.541700617,1.545745213
147,22,0.7,32,0.2,45,700,1.5,1.5,2,2,1.169158629,0.920758716,0.866432454,1.784773423
148,30,0.7,32,0.2,45,700,1.5,1.5,2,2,1.369454119,0.878267955,1.165697314,1.839601641
149,38,0.7,32,0.2,45,700,1.5,1.5,2,2,1.77760606,1.110755227,1.455089566,1.944590817
150,6,0.2,8,0.4,45,700,1.5,1.5,2,2,0.756232401,0.034735932,0.690587038,1.541327622
151,14,0.2,8,0.4,45,700,1.5,1.5,2,2,0.924423502,0.03781857,0.736654602,1.636309238
152,22,0.2,8,0.4,45,700,1.5,1.5,2,2,1.058501454,0.038693639,0.733903326,1.628338365
153,30,0.2,8,0.4,45,700,1.5,1.5,2,2,1.062249814,0.060437709,1.176660356,1.367160025
154,38,0.2,8,0.4,45,700,1.5,1.5,2,2,1.33881058,0.039829957,0.731274075,1.614421067
155,6,0.3,8,0.4,45,700,1.5,1.5,2,2,0.8913434,0.107418602,0.794086411,1.572016263
156,14,0.3,8,0.4,45,700,1.5,1.5,2,2,1.132338199,0.115906638,0.911922105,1.722794961
157,22,0.3,8,0.4,45,700,1.5,1.5,2,2,1.348917076,0.116600438,0.936315284,1.72186682
158,30,0.3,8,0.4,45,700,1.5,1.5,2,2,1.590393473,0.116010628,0.98366752,1.730418222
159,38,0.3,8,0.4,45,700,1.5,1.5,2,2,1.787807574,0.120372053,0.996990255,1.730485248
160,6,0.4,8,0.4,45,700,1.5,1.5,2,2,0.969384523,0.20668294,0.733796791,1.510068018
161,14,0.4,8,0.4,45,700,1.5,1.5,2,2,1.279382834,0.241918413,0.950029191,1.704421187
162,22,0.4,8,0.4,45,700,1.5,1.5,2,2,1.570989685,0.253451537,1.021852973,1.714424494
163,30,0.4,8,0.4,45,700,1.5,1.5,2,2,1.867744548,0.263379709,1.094760429,1.725121114
164,38,0.4,8,0.4,45,700,1.5,1.5,2,2,2.157353161,0.275016794,1.165412519,1.737521008
165,6,0.5,8,0.4,45,700,1.5,1.5,2,2,0.953408765,0.33546352,0.63274467,1.288048568
166,14,0.5,8,0.4,45,700,1.5,1.5,2,2,1.321880784,0.366817255,0.92025012,1.492878637
167,22,0.5,8,0.4,45,700,1.5,1.5,2,2,1.680768469,0.381262943,1.049094569,1.517355365
168,30,0.5,8,0.4,45,700,1.5,1.5,2,2,2.05340945,0.392513953,1.175347109,1.54132218
169,38,0.5,8,0.4,45,700,1.5,1.5,2,2,2.408889543,0.421256162,1.308690683,1.560877039
170,6,0.6,8,0.4,45,700,1.5,1.5,2,2,0.940637125,0.505647561,0.488377636,0.911571753
171,14,0.6,8,0.4,45,700,1.5,1.5,2,2,1.330237897,0.520956333,0.835363251,1.346036881
172,22,0.6,8,0.4,45,700,1.5,1.5,2,2,1.786221189,0.548262073,1.02021815,1.166796805
173,30,0.6,8,0.4,45,700,1.5,1.5,2,2,2.20914726,0.584225164,1.205359816,1.216763456
174,38,0.6,8,0.4,45,700,1.5,1.5,2,2,2.629035339,0.603508289,1.387487349,1.266118537
175,6,0.7,8,0.4,45,700,1.5,1.5,2,2,0.82038942,0.676962659,0.386569876,1.043427214
176,14,0.7,8,0.4,45,700,1.5,1.5,2,2,1.293080164,0.693086536,0.789595528,1.26136888
177,22,0.7,8,0.4,45,700,1.5,1.5,2,2,1.771198518,0.727671166,1.044238096,1.313322513
178,30,0.7,8,0.4,45,700,1.5,1.5,2,2,2.247351361,0.759502193,1.269073113,1.361613158
179,38,0.7,8,0.4,45,700,1.5,1.5,2,2,2.721980752,0.767121173,1.422725413,1.409050606
180,6,0.2,14,0.4,45,700,1.5,1.5,2,2,1.118015827,0.064874901,1.28303858,2.209232007
181,14,0.2,14,0.4,45,700,1.5,1.5,2,2,1.343378465,0.073757607,1.536289844,2.551752771
182,22,0.2,14,0.4,45,700,1.5,1.5,2,2,1.476110679,0.074558718,1.56254881,2.553631605
183,30,0.2,14,0.4,45,700,1.5,1.5,2,2,1.415513958,0.061569321,2.791664174,1.861369753
184,38,0.2,14,0.4,45,700,1.5,1.5,2,2,1.74442542,0.074410426,1.607856635,2.545264807
185,6,0.3,14,0.4,45,700,1.5,1.5,2,2,1.229533383,0.164562548,1.279898567,2.228453801
186,14,0.3,14,0.4,45,700,1.5,1.5,2,2,1.529375799,0.159592983,1.699414783,2.742916419
187,22,0.3,14,0.4,45,700,1.5,1.5,2,2,1.730014611,0.181937883,1.792279715,2.755927825
188,30,0.3,14,0.4,45,700,1.5,1.5,2,2,1.932578931,0.179797242,1.866672027,2.761641411
189,38,0.3,14,0.4,45,700,1.5,1.5,2,2,2.131353469,0.184647608,1.941235963,2.764769445
190,6,0.4,14,0.4,45,700,1.5,1.5,2,2,1.234423986,0.292174256,1.090080334,2.115433864
191,14,0.4,14,0.4,45,700,1.5,1.5,2,2,1.581421057,0.325584865,1.715067393,2.783434306
192,22,0.4,14,0.4,45,700,1.5,1.5,2,2,1.84422174,0.316416771,1.860217254,2.806085061
193,30,0.4,14,0.4,45,700,1.5,1.5,2,2,2.133934056,0.322228794,1.996640436,2.822552265
194,38,0.4,14,0.4,45,700,1.5,1.5,2,2,2.493049008,0.330031275,2.13430324,2.822582642
195,6,0.5,14,0.4,45,700,1.5,1.5,2,2,1.289492137,0.456456449,0.857957213,1.851544922
196,14,0.5,14,0.4,45,700,1.5,1.5,2,2,1.643250763,0.464552032,1.629294378,2.638184081
197,22,0.5,14,0.4,45,700,1.5,1.5,2,2,1.96928816,0.454537665,1.825279597,2.679735279
198,30,0.5,14,0.4,45,700,1.5,1.5,2,2,2.296935906,0.4714235,2.077102208,2.699601131
199,38,0.5,14,0.4,45,700,1.5,1.5,2,2,2.623580782,0.483042128,2.290131559,2.724540546
200,6,0.6,14,0.4,45,700,1.5,1.5,2,2,1.103540639,0.665400731,0.669044603,1.416497568
201,14,0.6,14,0.4,45,700,1.5,1.5,2,2,2.095527362,0.687335788,1.489919438,2.17022012
202,22,0.6,14,0.4,45,700,1.5,1.5,2,2,2.505489484,0.695767965,1.759828996,2.23204884
203,30,0.6,14,0.4,45,700,1.5,1.5,2,2,5.623332841,1.117810806,1.659718289,1.55954351
204,38,0.6,14,0.4,45,700,1.5,1.5,2,2,1.420115598,0.919655121,4.680181635,3.270115472
205,6,0.7,14,0.4,45,700,1.5,1.5,2,2,2.213791476,0.879086669,0.542823304,1.249869934
206,14,0.7,14,0.4,45,700,1.5,1.5,2,2,1.603773351,0.890200154,3.111594884,2.181221155
207,22,0.7,14,0.4,45,700,1.5,1.5,2,2,2.70102584,0.850210088,1.696072822,2.03427105
208,30,0.7,14,0.4,45,700,1.5,1.5,2,2,3.192760239,0.853076473,1.989183092,2.090342541
209,38,0.7,14,0.4,45,700,1.5,1.5,2,2,3.683952424,0.858398718,2.307844782,2.151910289
210,6,0.2,20,0.4,45,700,1.5,1.5,2,2,2.648654867,0.074800577,1.79873118,2.824869198
211,14,0.2,20,0.4,45,700,1.5,1.5,2,2,2.874946747,0.090063765,2.298996557,3.415151958
212,22,0.2,20,0.4,45,700,1.5,1.5,2,2,3.01691565,0.091353366,2.364166233,3.450211299
213,30,0.2,20,0.4,45,700,1.5,1.5,2,2,3.305130519,0.098219587,2.441314082,3.450034235
214,38,0.2,20,0.4,45,700,1.5,1.5,2,2,3.305130518,0.098219587,2.441314082,3.450034235
215,6,0.3,20,0.4,45,700,1.5,1.5,2,2,2.424963955,0.19757555,1.668526337,2.815533532
216,14,0.3,20,0.4,45,700,1.5,1.5,2,2,2.571034823,0.221753967,2.453641052,3.712081316
217,22,0.3,20,0.4,45,700,1.5,1.5,2,2,2.752563775,0.217882177,2.588156894,3.771657466
218,30,0.3,20,0.4,45,700,1.5,1.5,2,2,2.982898963,0.220361156,2.694724925,3.780550079
219,38,0.3,20,0.4,45,700,1.5,1.5,2,2,3.211208792,0.22334539,2.798354669,3.780295013
220,6,0.4,20,0.4,45,700,1.5,1.5,2,2,2.528367538,0.336546179,1.349016545,2.63488692
221,14,0.4,20,0.4,45,700,1.5,1.5,2,2,2.446241627,0.380462223,2.464409065,3.875149374
222,22,0.4,20,0.4,45,700,1.5,1.5,2,2,2.692043906,0.350495166,2.601303929,3.957998985
223,30,0.4,20,0.4,45,700,1.5,1.5,2,2,2.993536553,0.345532249,2.752534616,3.976609759
224,38,0.4,20,0.4,45,700,1.5,1.5,2,2,3.290609441,0.350631728,2.917487964,3.99181854
225,6,0.5,20,0.4,45,700,1.5,1.5,2,2,2.481704494,0.530424805,1.050401586,2.237220681
226,14,0.5,20,0.4,45,700,1.5,1.5,2,2,2.23196292,0.531064483,2.343047156,3.741588361
227,22,0.5,20,0.4,45,700,1.5,1.5,2,2,2.51791393,0.492779209,2.607689932,3.843294361
228,30,0.5,20,0.4,45,700,1.5,1.5,2,2,2.869856876,0.564847473,2.843539037,3.869995588
229,38,0.5,20,0.4,45,700,1.5,1.5,2,2,3.212027048,0.564879834,3.079986805,3.898165622
230,6,0.6,20,0.4,45,700,1.5,1.5,2,2,2.612491062,0.769748915,0.85059048,1.98520592
231,14,0.6,20,0.4,45,700,1.5,1.5,2,2,2.241904182,0.683991397,2.120424545,3.602158263
232,22,0.6,20,0.4,45,700,1.5,1.5,2,2,2.579003057,0.665400718,2.462868874,3.722370432
233,30,0.6,20,0.4,45,700,1.5,1.5,2,2,2.984061507,0.663927237,2.748794193,3.770912734
234,38,0.6,20,0.4,45,700,1.5,1.5,2,2,3.389168541,0.663963988,3.029634522,3.815797772
235,6,0.7,20,0.4,45,700,1.5,1.5,2,2,2.467002252,0.934629588,0.724264293,1.521803232
236,14,0.7,20,0.4,45,700,1.5,1.5,2,2,2.20566888,0.789215746,1.897281562,2.895351431
237,22,0.7,20,0.4,45,700,1.5,1.5,2,2,2.589767827,0.815096398,2.340155456,3.026275894
238,30,0.7,20,0.4,45,700,1.5,1.5,2,2,3.036250134,0.702417931,2.519707207,3.097982054
239,38,0.7,20,0.4,45,700,1.5,1.5,2,2,3.474156409,0.777306148,2.805013258,3.11084632
240,6,0.2,26,0.4,45,700,1.5,1.5,2,2,2.871089429,0.085534041,2.279507825,3.440647601
241,14,0.2,26,0.4,45,700,1.5,1.5,2,2,3.041827289,0.105913763,3.017884815,4.256993017
242,22,0.2,26,0.4,45,700,1.5,1.5,2,2,3.164694335,0.105933812,3.134149987,4.365500613
243,30,0.2,26,0.4,45,700,1.5,1.5,2,2,4.549591825,0.117469238,6.542420908,2.948972067
244,38,0.2,26,0.4,45,700,1.5,1.5,2,2,3.472767662,0.10793239,3.251179469,4.368338945
245,6,0.3,26,0.4,45,700,1.5,1.5,2,2,2.564805427,0.20533819,2.013378547,3.441626683
246,14,0.3,26,0.4,45,700,1.5,1.5,2,2,2.577924191,0.244795939,3.129770647,4.737808706
247,22,0.3,26,0.4,45,700,1.5,1.5,2,2,2.703838188,0.249451418,3.344600821,4.909898337
248,30,0.3,26,0.4,45,700,1.5,1.5,2,2,2.689004807,0.240770776,3.342104323,4.911000702
251,14,0.4,26,0.4,45,700,1.5,1.5,2,2,2.356886722,0.405307414,3.091009739,4.918497635
252,22,0.4,26,0.4,45,700,1.5,1.5,2,2,2.495806931,0.40874967,3.394746461,5.146206012
253,30,0.4,26,0.4,45,700,1.5,1.5,2,2,3.003978647,0.364199283,4.186522207,6.979548812
254,38,0.4,26,0.4,45,700,1.5,1.5,2,2,3.274788513,0.365457996,4.36447884,6.999109446
255,6,0.5,26,0.4,45,700,1.5,1.5,2,2,2.76674791,0.590227135,1.291787342,2.589105693
256,14,0.5,26,0.4,45,700,1.5,1.5,2,2,2.239856814,0.47421599,2.912124018,4.784870734
258,30,0.5,26,0.4,45,700,1.5,1.5,2,2,2.73763906,0.471661976,3.545247517,5.062799206
259,38,0.5,26,0.4,45,700,1.5,1.5,2,2,3.060836382,0.47144422,3.796870263,5.098597005
261,14,0.6,26,0.4,45,700,1.5,1.5,2,2,2.248914116,0.587855304,2.760758505,4.310098549
262,22,0.6,26,0.4,45,700,1.5,1.5,2,2,2.467010377,0.566632301,3.181436869,4.585907488
263,30,0.6,26,0.4,45,700,1.5,1.5,2,2,2.841870328,0.552595964,3.474929032,4.644183164
264,38,0.6,26,0.4,45,700,1.5,1.5,2,2,3.21980297,0.543376055,3.764708553,4.698476367
265,6,0.7,26,0.4,45,700,1.5,1.5,2,2,2.816291998,0.95384131,0.950153923,1.792804959
266,14,0.7,26,0.4,45,700,1.5,1.5,2,2,2.349281527,0.775739056,2.566951316,3.634015361
267,22,0.7,26,0.4,45,700,1.5,1.5,2,2,2.614159453,0.731616148,2.98701216,3.944628931
268,30,0.7,26,0.4,45,700,1.5,1.5,2,2,3.041915557,0.735464133,3.345814333,4.020514894
269,38,0.7,26,0.4,45,700,1.5,1.5,2,2,3.459378649,0.667528423,3.561598878,4.072264945
270,6,0.2,32,0.4,45,700,1.5,1.5,2,2,2.996537579,0.120290107,2.774009679,4.067719996
271,14,0.2,32,0.4,45,700,1.5,1.5,2,2,3.104786465,0.121868002,3.649228431,5.113487994
272,22,0.2,32,0.4,45,700,1.5,1.5,2,2,3.161190325,0.131127655,3.836617972,5.336098121
273,30,0.2,32,0.4,45,700,1.5,1.5,2,2,3.231423333,0.123766306,3.92472337,5.307066796
274,38,0.2,32,0.4,45,700,1.5,1.5,2,2,3.428047528,0.137433033,3.98147176,5.314346874
275,6,0.3,32,0.4,45,700,1.5,1.5,2,2,2.645133347,0.225242831,2.345593796,4.01628212
276,14,0.3,32,0.4,45,700,1.5,1.5,2,2,2.512680187,0.261563195,3.873956661,5.667818763
277,22,0.3,32,0.4,45,700,1.5,1.5,2,2,2.546229581,0.259260454,4.044612739,6.019001054
279,38,0.3,32,0.4,45,700,1.5,1.5,2,2,2.950561358,0.209928249,4.250002468,6.047977562
280,6,0.4,32,0.4,45,700,1.5,1.5,2,2,2.818003329,0.389052446,1.847968614,3.513516246
281,14,0.4,32,0.4,45,700,1.5,1.5,2,2,2.300998214,0.369681562,3.630639473,5.863466311
282,22,0.4,32,0.4,45,700,1.5,1.5,2,2,2.315702759,0.369089952,4.063957169,6.325051704
283,30,0.4,32,0.4,45,700,1.5,1.5,2,2,2.567974857,0.368667802,4.27504976,6.352176813
284,38,0.4,32,0.4,45,700,1.5,1.5,2,2,2.830832363,0.367695213,4.48145222,6.375384851
285,6,0.5,32,0.4,45,700,1.5,1.5,2,2,3.03123696,0.558642375,1.392023175,2.894285161
286,14,0.5,32,0.4,45,700,1.5,1.5,2,2,2.329468386,0.47873291,3.585381916,5.673706353
287,22,0.5,32,0.4,45,700,1.5,1.5,2,2,2.358069039,0.46481481,4.115800077,6.203281072
288,30,0.5,32,0.4,45,700,1.5,1.5,2,2,2.660192133,0.448718281,4.473190255,6.245550131
289,38,0.5,32,0.4,45,700,1.5,1.5,2,2,2.972561095,0.428969086,4.747596354,6.286435906
290,6,0.6,32,0.4,45,700,1.5,1.5,2,2,3.068101727,0.804797277,1.28455498,2.443779052
291,14,0.6,32,0.4,45,700,1.5,1.5,2,2,2.413549604,0.549593004,3.480031019,5.143044599
292,22,0.6,32,0.4,45,700,1.5,1.5,2,2,2.485408197,0.521059602,4.084833956,5.680822376
293,30,0.6,32,0.4,45,700,1.5,1.5,2,2,2.829920412,0.507909908,4.410347268,5.750819509
294,38,0.6,32,0.4,45,700,1.5,1.5,2,2,3.187898899,0.499956293,4.725425345,5.812596792
295,6,0.7,32,0.4,45,700,1.5,1.5,2,2,3.076759609,0.950464275,1.215756636,2.105266397
296,14,0.7,32,0.4,45,700,1.5,1.5,2,2,2.608721149,0.783931092,3.24248684,4.435539802
297,22,0.7,32,0.4,45,700,1.5,1.5,2,2,2.713789566,0.677975194,3.894626251,4.990552477
298,30,0.7,32,0.4,45,700,1.5,1.5,2,2,3.117617953,0.658951929,4.210121087,5.079579581
305,6,0.3,8,0.6,45,700,1.5,1.5,2,2,2.509310813,0.092303211,0.988400418,2.3524586
306,14,0.3,8,0.6,45,700,1.5,1.5,2,2,2.982305223,0.101374628,1.093101311,2.498557242
307,22,0.3,8,0.6,45,700,1.5,1.5,2,2,3.39480202,0.106546149,1.078336815,2.479791128
308,30,0.3,8,0.6,45,700,1.5,1.5,2,2,3.818494743,0.108584088,1.072963055,2.468624023
309,38,0.3,8,0.6,45,700,1.5,1.5,2,2,3.924917408,0.096815821,1.137090438,2.273242892
310,6,0.4,8,0.6,45,700,1.5,1.5,2,2,2.85596658,0.16056703,0.790078112,2.309446971
311,14,0.4,8,0.6,45,700,1.5,1.5,2,2,3.483684047,0.166986652,1.027727267,2.281735133
312,22,0.4,8,0.6,45,700,1.5,1.5,2,2,4.119586093,0.182000414,1.130274916,2.101726754
313,30,0.4,8,0.6,45,700,1.5,1.5,2,2,4.235221387,0.177925824,0.557455718,2.595029582
314,38,0.4,8,0.6,45,700,1.5,1.5,2,2,5.278025816,0.21100972,1.332377656,1.724662367
315,6,0.5,8,0.6,45,700,1.5,1.5,2,2,2.698616935,0.296431661,0.973690286,2.050177114
316,14,0.5,8,0.6,45,700,1.5,1.5,2,2,3.383270639,0.325082182,1.250346882,2.359367666
317,22,0.5,8,0.6,45,700,1.5,1.5,2,2,4.134407549,0.350591931,1.316314155,2.367563151
318,30,0.5,8,0.6,45,700,1.5,1.5,2,2,4.814826339,0.376996459,1.379476064,2.373111236
319,38,0.5,8,0.6,45,700,1.5,1.5,2,2,5.546247251,0.404394985,1.444572746,2.380798553
320,6,0.6,8,0.6,45,700,1.5,1.5,2,2,2.312663897,0.44341739,0.833252082,1.684792616
321,14,0.6,8,0.6,45,700,1.5,1.5,2,2,3.030186454,0.532063776,1.229783008,1.999163624
322,22,0.6,8,0.6,45,700,1.5,1.5,2,2,3.811679446,0.534534585,1.323005967,1.881583102
323,30,0.6,8,0.6,45,700,1.5,1.5,2,2,4.6069402,0.582279953,1.451799542,1.931023948
324,38,0.6,8,0.6,45,700,1.5,1.5,2,2,5.661974387,0.628496126,1.576268561,2.289097576
325,6,0.7,8,0.6,45,700,1.5,1.5,2,2,2.681378491,0.607929585,0.718880269,1.747012186
326,14,0.7,8,0.6,45,700,1.5,1.5,2,2,3.503328752,0.657623478,1.122236988,2.048201264
327,22,0.7,8,0.6,45,700,1.5,1.5,2,2,4.51290324,0.732033851,1.306655759,2.081265541
328,30,0.7,8,0.6,45,700,1.5,1.5,2,2,5.504631662,0.805935945,1.489866003,2.113343903
329,38,0.7,8,0.6,45,700,1.5,1.5,2,2,6.504699748,0.880261629,1.671602632,2.1412226
330,6,0.2,14,0.6,45,700,1.5,1.5,2,2,3.495399347,0.039167614,0.957227664,2.899962401
331,14,0.2,14,0.6,45,700,1.5,1.5,2,2,3.900020782,0.045885499,1.168729666,3.188300132
332,22,0.2,14,0.6,45,700,1.5,1.5,2,2,4.303240929,0.052325696,1.233799897,2.459357348
333,30,0.2,14,0.6,45,700,1.5,1.5,2,2,4.377497989,0.138282757,1.261564152,3.128368415
334,38,0.2,14,0.6,45,700,1.5,1.5,2,2,4.638948828,0.102700554,1.286065695,3.087620882
335,6,0.3,14,0.6,45,700,1.5,1.5,2,2,3.435721943,0.148229592,1.79525309,3.437237114
336,14,0.3,14,0.6,45,700,1.5,1.5,2,2,3.803156718,0.163228266,2.342646284,4.253873819
337,22,0.3,14,0.6,45,700,1.5,1.5,2,2,4.212664078,0.162683484,2.38561637,4.259289533
338,30,0.3,14,0.6,45,700,1.5,1.5,2,2,4.555504837,0.166398234,2.423737142,4.248336236
339,38,0.3,14,0.6,45,700,1.5,1.5,2,2,4.964709413,0.171375084,2.458781889,4.248878264
340,6,0.4,14,0.6,45,700,1.5,1.5,2,2,3.343681557,0.270710575,1.705587132,3.327432073
341,14,0.4,14,0.6,45,700,1.5,1.5,2,2,3.674432336,0.261617931,2.488184799,4.376547648
342,22,0.4,14,0.6,45,700,1.5,1.5,2,2,4.073335358,0.664331603,0.025301298,-3.757887466
343,30,0.4,14,0.6,45,700,1.5,1.5,2,2,4.749906349,0.280618206,2.701158888,4.391873649
344,38,0.4,14,0.6,45,700,1.5,1.5,2,2,5.290815375,0.292163734,2.800640718,4.39403819
345,6,0.5,14,0.6,45,700,1.5,1.5,2,2,3.150755798,0.384886893,1.420814883,3.027146403
346,14,0.5,14,0.6,45,700,1.5,1.5,2,2,3.398195254,0.462571902,2.44081393,4.238919461
347,22,0.5,14,0.6,45,700,1.5,1.5,2,2,4.024514339,0.466144978,2.631957221,4.274975345
348,30,0.5,14,0.6,45,700,1.5,1.5,2,2,4.657942918,0.478855295,2.801760536,4.275657183
349,38,0.5,14,0.6,45,700,1.5,1.5,2,2,5.292456822,0.528089239,2.978802402,4.294915336
350,6,0.6,14,0.6,45,700,1.5,1.5,2,2,2.802916931,0.582679837,1.251595713,2.398507503
351,14,0.6,14,0.6,45,700,1.5,1.5,2,2,3.02856069,0.554040964,2.241167312,3.591015699
352,22,0.6,14,0.6,45,700,1.5,1.5,2,2,3.695908671,0.575318335,2.484964842,3.661815076
353,30,0.6,14,0.6,45,700,1.5,1.5,2,2,4.373230781,0.60032996,2.721132229,3.721594692
354,38,0.6,14,0.6,45,700,1.5,1.5,2,2,5.056943833,0.686751115,3.054794954,3.768342731
355,6,0.7,14,0.6,45,700,1.5,1.5,2,2,3.053432861,0.784887064,1.093132775,2.128296122
356,14,0.7,14,0.6,45,700,1.5,1.5,2,2,3.135247813,0.827638172,2.244457968,3.312157553
357,22,0.7,14,0.6,45,700,1.5,1.5,2,2,3.911191501,0.90001867,2.52636604,3.384587378
358,30,0.7,14,0.6,45,700,1.5,1.5,2,2,4.703249575,0.927560168,2.80335314,3.426941062
359,38,0.7,14,0.6,45,700,1.5,1.5,2,2,5.492786266,0.938828066,3.080310719,3.480855321
360,6,0.2,20,0.6,45,700,1.5,1.5,2,2,3.692163558,0.097349052,2.384546671,4.349075443
361,14,0.2,20,0.6,45,700,1.5,1.5,2,2,4.01532017,0.076734676,2.956084443,5.289870535
362,22,0.2,20,0.6,45,700,1.5,1.5,2,2,4.291004893,0.091329089,3.007784916,5.340903628
363,30,0.2,20,0.6,45,700,1.5,1.5,2,2,4.442729531,0.092246094,3.023525678,5.325280565
364,38,0.2,20,0.6,45,700,1.5,1.5,2,2,4.692185323,0.093710675,3.040822091,5.315861462
365,6,0.3,20,0.6,45,700,1.5,1.5,2,2,3.655192925,0.186455966,2.46381025,4.427502437
366,14,0.3,20,0.6,45,700,1.5,1.5,2,2,3.882499851,0.159602418,3.488268695,5.879691391
367,22,0.3,20,0.6,45,700,1.5,1.5,2,2,4.205760377,0.211646794,3.618299356,5.967374571
368,30,0.3,20,0.6,45,700,1.5,1.5,2,2,4.588715626,0.208971687,3.695369487,5.97027579
369,38,0.3,20,0.6,45,700,1.5,1.5,2,2,4.967821452,0.215987995,3.711133337,5.976670738
370,6,0.4,20,0.6,45,700,1.5,1.5,2,2,3.608937219,0.325365239,2.21880765,4.283552428
371,14,0.4,20,0.6,45,700,1.5,1.5,2,2,3.60591694,0.345438642,3.588988998,6.228356523
372,22,0.4,20,0.6,45,700,1.5,1.5,2,2,4.016358003,0.353339776,3.808306104,6.354914698
373,30,0.4,20,0.6,45,700,1.5,1.5,2,2,4.512802,0.361686463,3.962958432,6.350855075
374,38,0.4,20,0.6,45,700,1.5,1.5,2,2,5.002853346,0.364976204,4.115982001,6.366874059
375,6,0.5,20,0.6,45,700,1.5,1.5,2,2,3.469467385,0.538754204,1.940594845,3.767918327
376,14,0.5,20,0.6,45,700,1.5,1.5,2,2,3.243702394,0.504678324,3.605860437,6.082037954
377,22,0.5,20,0.6,45,700,1.5,1.5,2,2,3.71657754,0.473223118,3.909514553,6.237834702
378,30,0.5,20,0.6,45,700,1.5,1.5,2,2,4.285301432,0.501602277,4.135536833,6.24663584
379,38,0.5,20,0.6,45,700,1.5,1.5,2,2,4.847557482,0.545439917,4.363793379,6.276947404
380,6,0.6,20,0.6,45,700,1.5,1.5,2,2,3.611245002,0.749502252,1.61720609,3.288916821
381,14,0.6,20,0.6,45,700,1.5,1.5,2,2,3.188771873,0.665287082,3.403465953,5.812339142
382,22,0.6,20,0.6,45,700,1.5,1.5,2,2,3.728977853,0.647512173,3.768750183,5.987898886
383,30,0.6,20,0.6,45,700,1.5,1.5,2,2,4.379650387,0.695363769,4.062129717,6.049278932
384,38,0.6,20,0.6,45,700,1.5,1.5,2,2,5.019768902,0.738079788,4.410462267,6.101957863
385,6,0.7,20,0.6,45,700,1.5,1.5,2,2,3.524073778,0.790652338,1.414570255,2.558291693
386,14,0.7,20,0.6,45,700,1.5,1.5,2,2,3.087876457,0.764903182,3.307845021,4.913101678
387,22,0.7,20,0.6,45,700,1.5,1.5,2,2,3.693628467,0.794186327,3.74106012,5.097052697
388,30,0.7,20,0.6,45,700,1.5,1.5,2,2,4.402371604,0.818251866,4.083138533,5.181005542
390,6,0.2,26,0.6,45,700,1.5,1.5,2,2,4.279566091,0.099775109,3.086728207,5.358367997
391,14,0.2,26,0.6,45,700,1.5,1.5,2,2,4.547395234,0.099616397,3.972743627,6.678686933
392,22,0.2,26,0.6,45,700,1.5,1.5,2,2,4.716999795,0.100934882,4.107149191,6.849360662
393,30,0.2,26,0.6,45,700,1.5,1.5,2,2,5.783429896,0.096445428,6.557563091,5.77619728
394,38,0.2,26,0.6,45,700,1.5,1.5,2,2,5.2174468,0.103295253,4.178345801,6.845067407
395,6,0.3,26,0.6,45,700,1.5,1.5,2,2,3.962240405,0.209013457,3.038068174,5.658185246
396,14,0.3,26,0.6,45,700,1.5,1.5,2,2,3.989481021,0.212439777,4.525918533,7.815714288
397,22,0.3,26,0.6,45,700,1.5,1.5,2,2,5.334145402,0.223154078,8.701490727,6.784156169
398,30,0.3,26,0.6,45,700,1.5,1.5,2,2,4.028064059,0.197400304,2.194617066,4.25520211
399,38,0.3,26,0.6,45,700,1.5,1.5,2,2,4.210777973,0.196281715,2.246173943,4.258344202
400,6,0.4,26,0.6,45,700,1.5,1.5,2,2,3.704575239,0.326017608,2.633436607,5.155439374
401,14,0.4,26,0.6,45,700,1.5,1.5,2,2,3.428966333,0.433074424,4.658688232,7.959344406
402,22,0.4,26,0.6,45,700,1.5,1.5,2,2,3.667452178,0.399741185,5.031904972,8.326629491
403,30,0.4,26,0.6,45,700,1.5,1.5,2,2,4.211352375,0.507387988,10.50404873,7.676135603
404,38,0.4,26,0.6,45,700,1.5,1.5,2,2,4.558813201,0.453915599,5.409081738,8.378946055
405,6,0.5,26,0.6,45,700,1.5,1.5,2,2,3.768113732,0.476849483,2.257641145,4.436884536
406,14,0.5,26,0.6,45,700,1.5,1.5,2,2,3.208276073,0.496028619,4.671404494,7.816692118
407,22,0.5,26,0.6,45,700,1.5,1.5,2,2,3.489651947,0.444920939,5.146599282,8.244976762
408,30,0.5,26,0.6,45,700,1.5,1.5,2,2,3.67414917,0.476256698,2.411752655,4.294537711
409,38,0.5,26,0.6,45,700,1.5,1.5,2,2,4.519552583,0.520945218,5.678373741,8.3184812
410,6,0.6,26,0.6,45,700,1.5,1.5,2,2,3.897778042,0.705616585,1.976839549,3.626926996
411,14,0.6,26,0.6,45,700,1.5,1.5,2,2,3.186391325,0.544838657,4.590136459,7.129881976
412,22,0.6,26,0.6,45,700,1.5,1.5,2,2,3.527317076,0.535988987,5.140185897,7.572162468
413,30,0.6,26,0.6,45,700,1.5,1.5,2,2,4.114355058,0.541846086,5.464598246,7.637330264
414,38,0.6,26,0.6,45,700,1.5,1.5,2,2,4.702499559,0.562478188,5.784563688,7.708675933
415,6,0.7,26,0.6,45,700,1.5,1.5,2,2,4.002279405,0.881237497,1.774909284,2.956594568
417,22,0.7,26,0.6,45,700,1.5,1.5,2,2,3.653496948,0.653524432,4.92245244,6.594104237
418,30,0.7,26,0.6,45,700,1.5,1.5,2,2,4.338810811,0.682358703,5.207295063,6.673528335
419,38,0.7,26,0.6,45,700,1.5,1.5,2,2,4.971541916,0.663035277,5.525415915,6.764973759
420,6,0.2,32,0.6,45,700,1.5,1.5,2,2,4.483006944,0.086299303,3.718378998,6.359736401
421,14,0.2,32,0.6,45,700,1.5,1.5,2,2,4.747961973,0.123474412,4.905308423,8.117938763
422,22,0.2,32,0.6,45,700,1.5,1.5,2,2,4.842644116,0.125587766,5.158692792,8.479793016
423,30,0.2,32,0.6,45,700,1.5,1.5,2,2,5.02606916,0.129086384,5.214701444,8.463739955
424,38,0.2,32,0.6,45,700,1.5,1.5,2,2,6.154313813,0.118590036,8.668355739,7.165877445
425,6,0.3,32,0.6,45,700,1.5,1.5,2,2,3.915372487,0.201388944,3.573565576,6.684295926
426,14,0.3,32,0.6,45,700,1.5,1.5,2,2,3.8941515,0.239490451,5.394973324,9.364430347
427,22,0.3,32,0.6,45,700,1.5,1.5,2,2,3.950757454,0.243127395,5.825885344,9.954028701
428,30,0.3,32,0.6,45,700,1.5,1.5,2,2,5.342715815,0.25902018,11.40101673,8.525438854
430,6,0.4,32,0.6,45,700,1.5,1.5,2,2,3.804210764,0.332791966,3.098038539,5.930767797
431,14,0.4,32,0.6,45,700,1.5,1.5,2,2,3.329197689,0.339555824,5.736174035,9.506200042
432,22,0.4,32,0.6,45,700,1.5,1.5,2,2,3.378210493,0.287855225,6.262521595,10.25847275
433,30,0.4,32,0.6,45,700,1.5,1.5,2,2,3.780126049,0.346715096,6.51507897,10.28554953
434,38,0.4,32,0.6,45,700,1.5,1.5,2,2,4.197023264,0.334712223,6.793581783,10.31883792
435,6,0.5,32,0.6,45,700,1.5,1.5,2,2,4.164771241,0.507754803,2.674315156,4.993061297
436,14,0.5,32,0.6,45,700,1.5,1.5,2,2,3.335837649,0.375967179,5.704509394,9.243609232
437,22,0.5,32,0.6,45,700,1.5,1.5,2,2,3.392561696,0.349460979,6.440675973,10.09940542
438,30,0.5,32,0.6,45,700,1.5,1.5,2,2,3.868506005,0.366629367,6.743035437,10.17016934
439,38,0.5,32,0.6,45,700,1.5,1.5,2,2,4.358540619,0.362163013,6.864219431,10.20466427
440,6,0.6,32,0.6,45,700,1.5,1.5,2,2,4.308182064,0.725818695,2.380490913,4.095216624
441,14,0.6,32,0.6,45,700,1.5,1.5,2,2,3.49755062,0.460821531,5.514812118,8.688570739
442,22,0.6,32,0.6,45,700,1.5,1.5,2,2,3.606161652,0.443350431,6.386780465,9.578739453
443,30,0.6,32,0.6,45,700,1.5,1.5,2,2,4.155453802,0.439954926,6.671667815,9.66585911
444,38,0.6,32,0.6,45,700,1.5,1.5,2,2,4.722870271,0.433272706,7.030470183,9.752205828
445,6,0.7,32,0.6,45,700,1.5,1.5,2,2,4.58857449,0.875798622,2.106789888,3.585465785
446,14,0.7,32,0.6,45,700,1.5,1.5,2,2,3.668162458,0.59691324,5.336267847,7.799668872
447,22,0.7,32,0.6,45,700,1.5,1.5,2,2,3.867978008,0.530186315,6.143107244,8.644408127
448,30,0.7,32,0.6,45,700,1.5,1.5,2,2,4.493489134,0.550486994,6.608248947,8.758776825
449,38,0.7,32,0.6,45,700,1.5,1.5,2,2,5.13662523,0.552636411,7.00144567,8.863686044
455,6,0.3,8,0.8,45,700,1.5,1.5,2,2,3.372546009,0.07297261,0.942689417,3.111591814
456,14,0.3,8,0.8,45,700,1.5,1.5,2,2,3.977529904,0.076240444,1.014513875,3.388069045
457,22,0.3,8,0.8,45,700,1.5,1.5,2,2,4.531852163,0.063371791,1.046324282,3.10261733
458,30,0.3,8,0.8,45,700,1.5,1.5,2,2,5.082574132,0.08253145,0.943777521,3.300181177
459,38,0.3,8,0.8,45,700,1.5,1.5,2,2,5.462662563,0.069048352,0.780828054,3.071950275
460,6,0.4,8,0.8,45,700,1.5,1.5,2,2,3.471952438,0.153749372,1.137544882,3.015140848
461,14,0.4,8,0.8,45,700,1.5,1.5,2,2,4.659294357,0.123033561,0.901699686,2.855068777
462,22,0.4,8,0.8,45,700,1.5,1.5,2,2,5.674344961,0.135334552,0.96699397,2.641471784
463,30,0.4,8,0.8,45,700,1.5,1.5,2,2,6.360086485,0.144415922,1.035493228,2.433209088
464,38,0.4,8,0.8,45,700,1.5,1.5,2,2,7.373915873,0.155415624,1.100940833,2.221152003
465,6,0.5,8,0.8,45,700,1.5,1.5,2,2,3.758428791,0.249394733,1.137474767,2.958135686
466,14,0.5,8,0.8,45,700,1.5,1.5,2,2,4.806975434,0.244224858,1.455904999,3.019756176
467,22,0.5,8,0.8,45,700,1.5,1.5,2,2,5.910644222,0.300890377,1.37753511,3.367113585
468,30,0.5,8,0.8,45,700,1.5,1.5,2,2,6.923102521,0.328552517,1.377774623,3.323677487
469,38,0.5,8,0.8,45,700,1.5,1.5,2,2,7.487574111,0.40778826,0.272331495,3.196773509
470,6,0.6,8,0.8,45,700,1.5,1.5,2,2,3.170085431,0.371810729,1.034738848,2.524154976
471,14,0.6,8,0.8,45,700,1.5,1.5,2,2,3.971376224,0.412635809,1.347366754,2.60173803
472,22,0.6,8,0.8,45,700,1.5,1.5,2,2,5.387210899,0.46551132,1.400105665,3.018256629
473,30,0.6,8,0.8,45,700,1.5,1.5,2,2,6.206280067,0.516788654,1.454328271,2.825378334
474,38,0.6,8,0.8,45,700,1.5,1.5,2,2,7.677324387,0.571480882,1.506642215,3.056128989
475,6,0.7,8,0.8,45,700,1.5,1.5,2,2,3.412838953,0.527046452,0.927171504,2.475410316
476,14,0.7,8,0.8,45,700,1.5,1.5,2,2,4.652023398,0.598741485,1.311061216,2.866242982
477,22,0.7,8,0.8,45,700,1.5,1.5,2,2,6.103673165,0.683237715,1.418132024,2.871028288
478,30,0.7,8,0.8,45,700,1.5,1.5,2,2,7.476721604,0.780648827,1.531482735,2.874188751
479,38,0.7,8,0.8,45,700,1.5,1.5,2,2,8.923317622,0.864765146,1.647526235,2.883791754
480,6,0.2,14,0.8,45,700,1.5,1.5,2,2,4.221400499,0.041897098,1.560894057,4.477173181
481,14,0.2,14,0.8,45,700,1.5,1.5,2,2,4.638386062,0.042206744,1.80176751,5.189382919
482,22,0.2,14,0.8,45,700,1.5,1.5,2,2,4.994507353,0.038118865,1.800319682,5.170116156
483,30,0.2,14,0.8,45,700,1.5,1.5,2,2,5.064113863,0.011523719,2.042901681,4.87697039
484,38,0.2,14,0.8,45,700,1.5,1.5,2,2,5.367682961,0.026728167,1.959854891,4.881797392
485,6,0.3,14,0.8,45,700,1.5,1.5,2,2,4.468198333,0.121171149,1.985111183,4.681921288
486,14,0.3,14,0.8,45,700,1.5,1.5,2,2,4.915493003,0.132487098,2.506097207,5.802495751
487,22,0.3,14,0.8,45,700,1.5,1.5,2,2,5.494629935,0.134205169,2.512777921,5.794586887
488,30,0.3,14,0.8,45,700,1.5,1.5,2,2,5.975684567,0.137866537,2.510425111,5.762983831
489,38,0.3,14,0.8,45,700,1.5,1.5,2,2,6.542014217,0.142015368,2.507153881,5.733438623
490,6,0.4,14,0.8,45,700,1.5,1.5,2,2,4.199999157,0.224625755,1.987803749,4.53498746
491,14,0.4,14,0.8,45,700,1.5,1.5,2,2,4.801634404,0.235776908,2.811629367,6.016598344
492,22,0.4,14,0.8,45,700,1.5,1.5,2,2,5.555869055,0.246694783,2.870668411,6.028177887
493,30,0.4,14,0.8,45,700,1.5,1.5,2,2,6.289082307,0.257855894,2.915695874,6.029346164
494,38,0.4,14,0.8,45,700,1.5,1.5,2,2,7.045514473,0.304850086,2.965745665,6.015924084
495,6,0.5,14,0.8,45,700,1.5,1.5,2,2,4.086960685,0.353011152,1.830309267,4.203579411
496,14,0.5,14,0.8,45,700,1.5,1.5,2,2,4.535045534,0.379035787,2.839023332,5.881230465
497,22,0.5,14,0.8,45,700,1.5,1.5,2,2,5.431932551,0.398253959,2.968496874,5.911206526
498,30,0.5,14,0.8,45,700,1.5,1.5,2,2,6.339708018,0.423457233,3.084418756,5.891162883
499,38,0.5,14,0.8,45,700,1.5,1.5,2,2,7.249055893,0.449890975,3.197429087,5.899571685
500,6,0.6,14,0.8,45,700,1.5,1.5,2,2,3.604272977,0.503768468,1.631363364,3.442319095
501,14,0.6,14,0.8,45,700,1.5,1.5,2,2,4.365224493,0.530268077,2.762005034,5.463918543
502,22,0.6,14,0.8,45,700,1.5,1.5,2,2,5.392725364,0.58237326,2.969273557,5.52105528
503,30,0.6,14,0.8,45,700,1.5,1.5,2,2,6.455154046,0.628876824,3.154082024,5.542336879
504,38,0.6,14,0.8,45,700,1.5,1.5,2,2,7.431511488,0.671358398,3.342377439,5.343816714
505,6,0.7,14,0.8,45,700,1.5,1.5,2,2,3.867530463,0.678254302,1.495636771,3.060664227
506,14,0.7,14,0.8,45,700,1.5,1.5,2,2,4.161008015,0.734162595,2.607825143,4.665746952
507,22,0.7,14,0.8,45,700,1.5,1.5,2,2,5.295768239,0.83510869,3.016203041,4.744088923
508,30,0.7,14,0.8,45,700,1.5,1.5,2,2,6.414972985,0.800296831,3.022218595,4.789039918
509,38,0.7,14,0.8,45,700,1.5,1.5,2,2,7.54806366,0.845627145,3.236973169,4.825246948
510,6,0.2,20,0.8,45,700,1.5,1.5,2,2,5.091263995,0.05616358,2.507968971,5.992959693
511,14,0.2,20,0.8,45,700,1.5,1.5,2,2,5.488906284,0.091858919,3.098795999,7.317983186
512,22,0.2,20,0.8,45,700,1.5,1.5,2,2,5.803421762,0.104814863,3.136689502,7.381445927
513,30,0.2,20,0.8,45,700,1.5,1.5,2,2,5.9982285,0.160753889,3.943255678,6.971608897
515,6,0.3,20,0.8,45,700,1.5,1.5,2,2,4.800352733,0.156981378,2.77235066,6.09194025
516,14,0.3,20,0.8,45,700,1.5,1.5,2,2,5.128455524,0.166393355,3.87586579,8.134013106
517,22,0.3,20,0.8,45,700,1.5,1.5,2,2,5.583493248,0.169533432,3.974901226,8.248971425
518,30,0.3,20,0.8,45,700,1.5,1.5,2,2,6.096168602,0.17315555,4.013164217,8.245313009
519,38,0.3,20,0.8,45,700,1.5,1.5,2,2,6.634621589,0.177818203,4.05266869,8.221581907
520,6,0.4,20,0.8,45,700,1.5,1.5,2,2,4.625310651,0.265486744,2.651343972,5.942638246
521,14,0.4,20,0.8,45,700,1.5,1.5,2,2,4.768572242,0.28809933,4.182488332,8.666991896
522,22,0.4,20,0.8,45,700,1.5,1.5,2,2,5.351147234,0.296602843,4.37112011,8.833104993
523,30,0.4,20,0.8,45,700,1.5,1.5,2,2,6.044959081,0.302362009,4.480329756,8.81714207
524,38,0.4,20,0.8,45,700,1.5,1.5,2,2,6.73580778,0.314238547,4.590252249,8.824360061
525,6,0.5,20,0.8,45,700,1.5,1.5,2,2,4.44590516,0.394576214,2.385468936,5.359883507
526,14,0.5,20,0.8,45,700,1.5,1.5,2,2,4.369304987,0.406394321,4.237961377,8.536497428
527,22,0.5,20,0.8,45,700,1.5,1.5,2,2,5.053070262,0.423007282,4.514390293,8.737980484
528,30,0.5,20,0.8,45,700,1.5,1.5,2,2,5.867580013,0.444356291,4.709200176,8.741174274
529,38,0.5,20,0.8,45,700,1.5,1.5,2,2,6.674670433,0.466848112,4.89902036,8.769631884
530,6,0.6,20,0.8,45,700,1.5,1.5,2,2,4.591542241,0.546341564,2.12679914,4.718509781
531,14,0.6,20,0.8,45,700,1.5,1.5,2,2,4.25658744,0.509351502,4.032795582,8.155270162
532,22,0.6,20,0.8,45,700,1.5,1.5,2,2,5.038071596,0.533972773,4.365774782,8.377487836
533,30,0.6,20,0.8,45,700,1.5,1.5,2,2,5.959551622,0.566883759,4.61318259,8.423112039
534,38,0.6,20,0.8,45,700,1.5,1.5,2,2,6.871545012,0.599634297,4.856209313,8.48244713
535,6,0.7,20,0.8,45,700,1.5,1.5,2,2,4.446288845,0.739050708,1.906544114,3.733534695
536,14,0.7,20,0.8,45,700,1.5,1.5,2,2,4.048925334,0.716614817,4.127303841,6.873542351
537,22,0.7,20,0.8,45,700,1.5,1.5,2,2,4.922451416,0.726427123,4.475298825,7.09055777
538,30,0.7,20,0.8,45,700,1.5,1.5,2,2,5.933065955,0.817369894,4.849487322,7.159241666
539,38,0.7,20,0.8,45,700,1.5,1.5,2,2,7.002798962,0.839945967,5.093892263,7.433986904
540,6,0.2,26,0.8,45,700,1.5,1.5,2,2,5.511249049,0.082240271,3.340048076,7.346540713
541,14,0.2,26,0.8,45,700,1.5,1.5,2,2,5.861467698,0.091135494,4.240906199,9.186400127
542,22,0.2,26,0.8,45,700,1.5,1.5,2,2,6.092663364,0.091855518,4.36633434,9.420511741
543,30,0.2,26,0.8,45,700,1.5,1.5,2,2,6.5713968,0.073231451,5.843128636,8.878319003
544,38,0.2,26,0.8,45,700,1.5,1.5,2,2,6.763088024,0.074922284,5.80655926,8.979784912
545,6,0.3,26,0.8,45,700,1.5,1.5,2,2,5.15678482,0.177121589,3.466563342,7.752433842
546,14,0.3,26,0.8,45,700,1.5,1.5,2,2,5.344731527,0.189834413,5.0803798,10.86302566
547,22,0.3,26,0.8,45,700,1.5,1.5,2,2,5.643733765,0.189237982,5.330258637,11.26277784
548,30,0.3,26,0.8,45,700,1.5,1.5,2,2,6.150643141,0.195521504,5.405997857,11.25753849
549,38,0.3,26,0.8,45,700,1.5,1.5,2,2,6.661600249,0.196915774,5.474498638,11.2646988
550,6,0.4,26,0.8,45,700,1.5,1.5,2,2,4.813713279,0.278079608,3.22061075,7.226544495
551,14,0.4,26,0.8,45,700,1.5,1.5,2,2,4.483409584,0.293125951,5.416924048,11.10666301
552,22,0.4,26,0.8,45,700,1.5,1.5,2,2,5.007291635,0.297273518,5.799220133,11.63942561
553,30,0.4,26,0.8,45,700,1.5,1.5,2,2,5.629830208,0.304914044,5.953720016,11.63972744
554,38,0.4,26,0.8,45,700,1.5,1.5,2,2,6.257441507,0.310248286,6.108774433,11.66263665
555,6,0.5,26,0.8,45,700,1.5,1.5,2,2,4.860515106,0.456639655,2.996018325,6.361590189
556,14,0.5,26,0.8,45,700,1.5,1.5,2,2,4.35549945,0.434433444,5.643829789,10.94338685
557,22,0.5,26,0.8,45,700,1.5,1.5,2,2,4.777450839,0.442107076,6.140455729,11.53292675
558,30,0.5,26,0.8,45,700,1.5,1.5,2,2,5.512264064,0.461416756,6.3768058,11.55845487
559,38,0.5,26,0.8,45,700,1.5,1.5,2,2,6.249027522,0.399016937,6.535656377,11.61196149
560,6,0.6,26,0.8,45,700,1.5,1.5,2,2,4.924811704,0.602718362,2.621093655,5.316151917
561,14,0.6,26,0.8,45,700,1.5,1.5,2,2,4.20982658,0.536555648,5.632592469,10.1249034
562,22,0.6,26,0.8,45,700,1.5,1.5,2,2,4.711748745,0.550103463,6.210735987,10.7320823
563,30,0.6,26,0.8,45,700,1.5,1.5,2,2,5.537689499,0.577190682,6.510077521,10.79421235
564,38,0.6,26,0.8,45,700,1.5,1.5,2,2,6.363107154,0.610638544,6.805069738,10.87674258
565,6,0.7,26,0.8,45,700,1.5,1.5,2,2,5.127117758,0.739980608,2.296642367,4.487170223
566,14,0.7,26,0.8,45,700,1.5,1.5,2,2,4.202866889,0.602711231,5.433796842,9.052095852
567,22,0.7,26,0.8,45,700,1.5,1.5,2,2,4.813851259,0.608398509,6.004499972,9.611919371
568,30,0.7,26,0.8,45,700,1.5,1.5,2,2,5.783524811,0.657107927,6.330045488,9.864087787
569,38,0.7,26,0.8,45,700,1.5,1.5,2,2,6.706369743,0.695591506,6.650483261,9.974204241
570,6,0.2,32,0.8,45,700,1.5,1.5,2,2,6.107622504,0.095674204,4.103820931,9.12436589
571,14,0.2,32,0.8,45,700,1.5,1.5,2,2,6.370894131,0.103395882,5.322323976,11.57637088
572,22,0.2,32,0.8,45,700,1.5,1.5,2,2,6.500743718,0.104381494,5.584973699,12.09817749
573,30,0.2,32,0.8,45,700,1.5,1.5,2,2,6.809651946,0.105062671,5.614557083,12.09862259
574,38,0.2,32,0.8,45,700,1.5,1.5,2,2,7.149236232,0.106725881,5.639789166,12.09499625
575,6,0.3,32,0.8,45,700,1.5,1.5,2,2,5.400549543,0.189402392,4.122724654,9.146981153
576,14,0.3,32,0.8,45,700,1.5,1.5,2,2,5.200937771,0.199892973,6.210746456,12.79921574
577,22,0.3,32,0.8,45,700,1.5,1.5,2,2,5.308075211,0.201249044,6.679559663,13.59792383
578,30,0.3,32,0.8,45,700,1.5,1.5,2,2,5.766457849,0.202894426,6.786249418,13.5746041
579,38,0.3,32,0.8,45,700,1.5,1.5,2,2,6.241053055,0.2077949,6.886078919,13.57838673
580,6,0.4,32,0.8,45,700,1.5,1.5,2,2,5.386668431,0.268217824,3.759971856,8.401618031
581,14,0.4,32,0.8,45,700,1.5,1.5,2,2,4.817095008,0.262791873,6.402779051,13.33918428
582,22,0.4,32,0.8,45,700,1.5,1.5,2,2,4.885480377,0.260391796,7.040640305,14.39890258
583,30,0.4,32,0.8,45,700,1.5,1.5,2,2,5.47043898,0.264169572,7.225419354,14.42248605
584,38,0.4,32,0.8,45,700,1.5,1.5,2,2,6.078913023,0.271601515,7.407250635,14.46240217
585,6,0.5,32,0.8,45,700,1.5,1.5,2,2,5.471896613,0.383287567,3.481556034,7.346331676
586,14,0.5,32,0.8,45,700,1.5,1.5,2,2,4.600741319,0.310290787,6.78606238,13.2694503
587,22,0.5,32,0.8,45,700,1.5,1.5,2,2,4.587116324,0.294893444,7.555046028,14.32708686
588,30,0.5,32,0.8,45,700,1.5,1.5,2,2,5.381759324,0.302116965,7.8045848,14.3667036
589,38,0.5,32,0.8,45,700,1.5,1.5,2,2,6.089521092,0.3495299,8.33495424,14.67606814
590,6,0.6,32,0.8,45,700,1.5,1.5,2,2,5.44482094,0.56428122,3.050678684,5.985574636
591,14,0.6,32,0.8,45,700,1.5,1.5,2,2,4.462115414,0.396169515,6.958623615,12.02806757
592,22,0.6,32,0.8,45,700,1.5,1.5,2,2,4.654921746,0.374515037,7.903481856,13.24736822
593,30,0.6,32,0.8,45,700,1.5,1.5,2,2,5.417202429,0.387618216,8.224250401,13.34185863
594,38,0.6,32,0.8,45,700,1.5,1.5,2,2,6.197075001,0.401062457,8.312203951,13.44617416
595,6,0.7,32,0.8,45,700,1.5,1.5,2,2,5.448467239,0.739628816,2.79482317,5.066396379
596,14,0.7,32,0.8,45,700,1.5,1.5,2,2,4.488073923,0.519905424,6.61602136,10.95318913
598,30,0.7,32,0.8,45,700,1.5,1.5,2,2,5.668760497,0.513982054,7.913984431,12.22243253
599,38,0.7,32,0.8,45,700,1.5,1.5,2,2,6.540912742,0.523993801,8.297028888,12.38295026
610,6,0.4,8,1,45,700,1.5,1.5,2,2,4.053943738,0.127034275,1.077902496,3.700272436
611,14,0.4,8,1,45,700,1.5,1.5,2,2,5.052986406,0.133494037,1.197278604,4.126616888
612,22,0.4,8,1,45,700,1.5,1.5,2,2,6.092002622,0.142850403,1.138414471,4.065681406
613,30,0.4,8,1,45,700,1.5,1.5,2,2,6.993274597,0.152696192,1.079552455,4.02877166
614,38,0.4,8,1,45,700,1.5,1.5,2,2,8.007101434,0.162525083,1.021248584,3.960488939
615,6,0.5,8,1,45,700,1.5,1.5,2,2,4.134744563,0.208882049,1.171369142,3.513740661
616,14,0.5,8,1,45,700,1.5,1.5,2,2,5.365817741,0.224448053,1.364130946,4.007997743
617,22,0.5,8,1,45,700,1.5,1.5,2,2,6.686207778,0.249309143,1.313619671,3.9479154
618,30,0.5,8,1,45,700,1.5,1.5,2,2,7.835525358,0.273250656,1.262368376,3.904538715
619,38,0.5,8,1,45,700,1.5,1.5,2,2,9.170232909,0.297534019,1.212367968,3.852789062
620,6,0.6,8,1,45,700,1.5,1.5,2,2,4.440275643,0.315350777,1.12952747,3.548940907
621,14,0.6,8,1,45,700,1.5,1.5,2,2,6.676150191,0.56596844,1.387286405,4.078164966
622,22,0.6,8,1,45,700,1.5,1.5,2,2,7.596978177,0.401318031,1.379850121,3.900234355
623,30,0.6,8,1,45,700,1.5,1.5,2,2,9.190525483,0.451809479,1.36681359,3.822928896
624,38,0.6,8,1,45,700,1.5,1.5,2,2,10.99984363,0.502538434,1.354048331,3.801392478
625,6,0.7,8,1,45,700,1.5,1.5,2,2,4.186024684,0.444266083,1.058047996,3.174447546
626,14,0.7,8,1,45,700,1.5,1.5,2,2,5.867973554,0.519458501,1.376478246,3.669829963
627,22,0.7,8,1,45,700,1.5,1.5,2,2,7.778937797,0.611747054,1.415206553,3.645466692
628,30,0.7,8,1,45,700,1.5,1.5,2,2,9.612780508,0.700370042,1.447275791,3.633114764
629,38,0.7,8,1,45,700,1.5,1.5,2,2,11.54690025,1.322702459,2.407610777,2.255643119
630,6,0.2,14,1,45,700,1.5,1.5,2,2,4.872719,0.027389,1.323609,5.576227
632,22,0.2,14,1,45,700,1.5,1.5,2,2,5.762625088,0.028111585,1.504917478,6.323509155
633,30,0.2,14,1,45,700,1.5,1.5,2,2,6.228664184,0.028597246,1.48085151,6.391053703
634,38,0.2,14,1,45,700,1.5,1.5,2,2,6.459610382,0.016197103,1.442572405,6.227927322
635,6,0.3,14,1,45,700,1.5,1.5,2,2,5.177185184,0.097577054,1.927263047,5.873592902
636,14,0.3,14,1,45,700,1.5,1.5,2,2,5.795203522,0.10127011,2.418762366,7.301490926
637,22,0.3,14,1,45,700,1.5,1.5,2,2,6.513523719,0.10296843,2.399643089,7.250918801
638,30,0.3,14,1,45,700,1.5,1.5,2,2,6.918608937,0.082270456,2.426239454,7.124514372
639,38,0.3,14,1,45,700,1.5,1.5,2,2,7.832151376,0.108694702,2.337855793,7.135217463
640,6,0.4,14,1,45,700,1.5,1.5,2,2,5.139745449,0.181697068,2.110366626,5.780162211
641,14,0.4,14,1,45,700,1.5,1.5,2,2,5.794571951,0.184109091,2.82621345,7.638725744
642,22,0.4,14,1,45,700,1.5,1.5,2,2,6.763433788,0.172463002,2.888033888,7.617973383
643,30,0.4,14,1,45,700,1.5,1.5,2,2,7.736776933,0.17938066,2.88250229,7.583514786
644,38,0.4,14,1,45,700,1.5,1.5,2,2,8.711105495,0.210110803,2.8338978,7.53993824
645,6,0.5,14,1,45,700,1.5,1.5,2,2,4.976159928,0.28128503,1.983907197,5.373636932
646,14,0.5,14,1,45,700,1.5,1.5,2,2,5.627612241,0.288953915,2.967987301,7.503157707
647,22,0.5,14,1,45,700,1.5,1.5,2,2,6.806621831,0.312277721,3.039756657,7.518090295
648,30,0.5,14,1,45,700,1.5,1.5,2,2,7.994471807,0.332181309,3.089804769,7.466865041
649,38,0.5,14,1,45,700,1.5,1.5,2,2,9.186544111,0.357443022,3.14334107,7.447656832
650,6,0.6,14,1,45,700,1.5,1.5,2,2,4.365044599,0.412908612,1.810925663,4.538684796
651,14,0.6,14,1,45,700,1.5,1.5,2,2,5.064494675,0.435898517,2.939782527,6.618962595
652,22,0.6,14,1,45,700,1.5,1.5,2,2,6.340968546,0.48262621,3.079045111,6.689617711
653,30,0.6,14,1,45,700,1.5,1.5,2,2,7.628067339,0.529879678,3.201139044,6.716301936
654,38,0.6,14,1,45,700,1.5,1.5,2,2,8.912499957,0.578369533,3.319209182,6.757112365
655,6,0.7,14,1,45,700,1.5,1.5,2,2,4.64501006,0.556718215,1.666376615,4.111517508
656,14,0.7,14,1,45,700,1.5,1.5,2,2,5.222856265,0.582080942,2.835941968,6.145405103
657,22,0.7,14,1,45,700,1.5,1.5,2,2,6.726976704,0.664443967,3.008002329,6.193093776
658,30,0.7,14,1,45,700,1.5,1.5,2,2,8.243234422,0.748114237,3.164606268,6.188748036
659,38,0.7,14,1,45,700,1.5,1.5,2,2,9.7565345,0.831703509,3.317299011,6.208195422
660,6,0.2,20,1,45,700,1.5,1.5,2,2,5.973367917,0.039725876,2.335579118,7.549798553
661,14,0.2,20,1,45,700,1.5,1.5,2,2,6.437594559,0.072610138,2.852863954,9.246154057
662,22,0.2,20,1,45,700,1.5,1.5,2,2,6.723833644,0.026148352,3.24996476,9.136551012
663,30,0.2,20,1,45,700,1.5,1.5,2,2,7.092618243,0.01155779,3.179854124,9.15532802
664,38,0.2,20,1,45,700,1.5,1.5,2,2,7.594523336,0.007249642,2.813370718,9.2297874
665,6,0.3,20,1,45,700,1.5,1.5,2,2,5.907222632,0.123076494,2.825324141,8.062789662
666,14,0.3,20,1,45,700,1.5,1.5,2,2,6.326696633,0.127373945,3.850877267,10.82248224
667,22,0.3,20,1,45,700,1.5,1.5,2,2,6.912559809,0.127698586,3.919829708,10.92702935
668,30,0.3,20,1,45,700,1.5,1.5,2,2,7.581569246,0.130499816,3.921994543,10.91923057
669,38,0.3,20,1,45,700,1.5,1.5,2,2,8.271898277,0.134067156,3.923677743,10.85683146
670,6,0.4,20,1,45,700,1.5,1.5,2,2,5.569816433,0.20752109,2.779773755,7.619145678
671,14,0.4,20,1,45,700,1.5,1.5,2,2,5.821454267,0.208916204,4.317946103,11.12153352
672,22,0.4,20,1,45,700,1.5,1.5,2,2,6.584632321,0.215846139,4.463191744,11.3188329
673,30,0.4,20,1,45,700,1.5,1.5,2,2,7.493038339,0.227581642,4.525551389,11.29958976
674,38,0.4,20,1,45,700,1.5,1.5,2,2,8.388131011,0.236841215,4.585000904,11.28494069
675,6,0.5,20,1,45,700,1.5,1.5,2,2,5.396184129,0.312878245,2.623854445,6.95718752
676,14,0.5,20,1,45,700,1.5,1.5,2,2,5.464922624,0.315414359,4.445340565,11.02406703
677,22,0.5,20,1,45,700,1.5,1.5,2,2,6.379477622,0.333387218,4.67428265,11.26490807
678,30,0.5,20,1,45,700,1.5,1.5,2,2,7.45544999,0.356533637,4.811904431,11.24053174
679,38,0.5,20,1,45,700,1.5,1.5,2,2,8.513539045,0.377272852,4.939060439,11.2556185
680,6,0.6,20,1,45,700,1.5,1.5,2,2,5.50164452,0.440693672,2.391494637,6.232902982
681,14,0.6,20,1,45,700,1.5,1.5,2,2,5.271587596,0.446164474,4.432743175,10.38114449
682,22,0.6,20,1,45,700,1.5,1.5,2,2,6.326455192,0.482490159,4.724191885,10.66160122
683,30,0.6,20,1,45,700,1.5,1.5,2,2,7.629051754,0.522823621,4.918221482,10.89989441
684,38,0.6,20,1,45,700,1.5,1.5,2,2,8.848681332,0.567360774,5.109698723,10.94906574
685,6,0.7,20,1,45,700,1.5,1.5,2,2,5.313368948,0.601511675,2.195645842,4.99313146
686,14,0.7,20,1,45,700,1.5,1.5,2,2,5.140909865,0.588763554,4.327465662,9.202931589
687,22,0.7,20,1,45,700,1.5,1.5,2,2,6.344540281,0.651549363,4.789697681,9.482190792
688,30,0.7,20,1,45,700,1.5,1.5,2,2,7.578689282,0.721076894,4.982632435,9.313791207
689,38,0.7,20,1,45,700,1.5,1.5,2,2,8.89090123,0.752573068,5.017464369,9.373533331
690,6,0.2,26,1,45,700,1.5,1.5,2,2,6.769135131,0.042808644,3.233237516,9.684047104
691,14,0.2,26,1,45,700,1.5,1.5,2,2,7.170869037,0.044112902,4.08735609,12.17645927
692,22,0.2,26,1,45,700,1.5,1.5,2,2,7.457083804,0.083412795,4.223140689,12.49243844
693,30,0.2,26,1,45,700,1.5,1.5,2,2,7.87642784,0.164654256,4.21299351,12.452875
694,38,0.2,26,1,45,700,1.5,1.5,2,2,8.318629008,0.164194383,4.150869967,12.42551018
695,6,0.3,26,1,45,700,1.5,1.5,2,2,6.285403819,0.137754225,3.565701891,9.775572701
696,14,0.3,26,1,45,700,1.5,1.5,2,2,6.482336993,0.141959879,5.168653065,13.60166582
697,22,0.3,26,1,45,700,1.5,1.5,2,2,6.8680402,0.139773487,5.395704123,14.09145744
698,30,0.3,26,1,45,700,1.5,1.5,2,2,7.527783074,0.144587275,5.431370372,14.08321445
699,38,0.3,26,1,45,700,1.5,1.5,2,2,8.175581555,0.146700403,5.463265807,14.07448493
700,6,0.4,26,1,45,700,1.5,1.5,2,2,7.15954927,0.217474012,5.227243607,8.960278908
701,14,0.4,26,1,45,700,1.5,1.5,2,2,6.102644252,0.204994425,5.681755503,14.30956223
702,22,0.4,26,1,45,700,1.5,1.5,2,2,6.593680966,0.205956233,6.039706996,14.93861942
703,30,0.4,26,1,45,700,1.5,1.5,2,2,7.436970628,0.211891689,6.149650017,14.96475717
704,38,0.4,26,1,45,700,1.5,1.5,2,2,8.290297136,0.220476985,6.258081467,14.98223575
705,6,0.5,26,1,45,700,1.5,1.5,2,2,5.819607743,0.312414794,3.192037534,8.353064697
706,14,0.5,26,1,45,700,1.5,1.5,2,2,7.477703917,0.211891689,6.149650017,15.30698148
707,22,0.5,26,1,45,700,1.5,1.5,2,2,6.014014359,0.314086416,6.367434604,14.90680006
708,30,0.5,26,1,45,700,1.5,1.5,2,2,6.990606789,0.316980175,6.540416284,14.99285435
709,38,0.5,26,1,45,700,1.5,1.5,2,2,7.958507824,0.337212812,6.723836105,15.0432646
710,6,0.6,26,1,45,700,1.5,1.5,2,2,5.907154695,0.433434695,2.929445955,7.076798804
711,14,0.6,26,1,45,700,1.5,1.5,2,2,4.929190355,0.563846492,8.821896197,13.86269473
712,22,0.6,26,1,45,700,1.5,1.5,2,2,5.954987365,0.385762195,6.566077034,13.96855565
713,30,0.6,26,1,45,700,1.5,1.5,2,2,7.044860386,0.391257482,6.558665059,14.05646682
714,38,0.6,26,1,45,700,1.5,1.5,2,2,8.138224653,0.44761584,6.785016523,14.13696048
715,6,0.7,26,1,45,700,1.5,1.5,2,2,5.980646453,0.59776431,2.63170789,5.883883818
716,14,0.7,26,1,45,700,1.5,1.5,2,2,5.20922085,0.523149016,5.924003857,11.8463709
717,22,0.7,26,1,45,700,1.5,1.5,2,2,6.035091301,0.550059739,6.532075676,12.55309367
718,30,0.7,26,1,45,700,1.5,1.5,2,2,7.390286491,0.606223039,6.741348312,12.846248
719,38,0.7,26,1,45,700,1.5,1.5,2,2,8.465440847,0.673492694,7.047030415,12.72763056
720,6,0.2,32,1,45,700,1.5,1.5,2,2,7.076001524,0.073553272,4.058753764,11.24024933
721,14,0.2,32,1,45,700,1.5,1.5,2,2,7.406955137,0.078836101,5.208282106,14.30890878
722,22,0.2,32,1,45,700,1.5,1.5,2,2,7.571689165,0.078438978,5.456087165,14.96028784
725,6,0.3,32,1,45,700,1.5,1.5,2,2,6.647636836,0.144881264,4.2414582,11.69865282
726,14,0.3,32,1,45,700,1.5,1.5,2,2,6.596831226,0.143926149,6.304845986,16.48985074
727,22,0.3,32,1,45,700,1.5,1.5,2,2,6.63145893,0.143712636,6.75855964,17.36895751
728,30,0.3,32,1,45,700,1.5,1.5,2,2,7.346428138,0.144485766,6.836896444,17.74284248
729,38,0.3,32,1,45,700,1.5,1.5,2,2,8.181064173,0.130827819,9.315714404,18.43923437
730,6,0.4,32,1,45,700,1.5,1.5,2,2,6.3692582,0.214038203,4.044587124,10.88917667
731,14,0.4,32,1,45,700,1.5,1.5,2,2,5.906687596,0.197549704,6.874407847,17.45890704
732,22,0.4,32,1,45,700,1.5,1.5,2,2,6.045422873,0.192112382,7.528358219,18.77679413
733,30,0.4,32,1,45,700,1.5,1.5,2,2,6.719066232,0.201064116,7.684742163,18.64541869
734,38,0.4,32,1,45,700,1.5,1.5,2,2,7.498803909,0.209909281,7.83217515,18.68488638
735,6,0.5,32,1,45,700,1.5,1.5,2,2,6.682092297,0.293518648,3.743269076,9.605426553
736,14,0.5,32,1,45,700,1.5,1.5,2,2,5.792748639,0.230300273,7.235307562,17.01983988
738,30,0.5,32,1,45,700,1.5,1.5,2,2,6.872361587,0.244698483,8.2420383,18.58457659
739,38,0.5,32,1,45,700,1.5,1.5,2,2,7.828951345,0.250835616,8.761860805,18.6996234
740,6,0.6,32,1,45,700,1.5,1.5,2,2,6.234059121,0.415077868,3.394634732,7.776439138
741,14,0.6,32,1,45,700,1.5,1.5,2,2,5.401328294,0.291920176,7.156336247,15.31374093
742,22,0.6,32,1,45,700,1.5,1.5,2,2,5.719187155,0.277162999,8.064159414,16.84819638
743,30,0.6,32,1,45,700,1.5,1.5,2,2,6.71780995,0.3083197,8.342293158,16.97816318
744,38,0.6,32,1,45,700,1.5,1.5,2,2,7.739982959,0.340899786,8.610366855,17.1061393
745,6,0.7,32,1,45,700,1.5,1.5,2,2,6.691806922,0.579816652,3.071219545,6.838322826
746,14,0.7,32,1,45,700,1.5,1.5,2,2,5.622798699,0.427989764,7.201291841,14.59261067
747,22,0.7,32,1,45,700,1.5,1.5,2,2,6.075624221,0.421317038,8.196113406,16.07309406
748,30,0.7,32,1,45,700,1.5,1.5,2,2,7.221461522,0.473022073,8.46952764,16.21004517
749,38,0.7,32,1,45,700,1.5,1.5,2,2,8.38673984,0.539026943,8.731404129,16.34078879
